model,n_train,seed,poisson_deviance,gini,total_calibration,fit_s,pred_s
glm,5000,42,0.3263969761179973,0.19739257425044188,1.0658141558624772,0.03,0.05
xgboost,5000,42,0.32696543079798307,0.20866718909643012,1.023185074059672,0.38,0.14
